standardized_id_num,count
0492902000002,5951
1610300003022,5662
1634780000005,5655
1634780000003,5590
0997076000008,5405
0492902000003,5379
0997076000010,5345
0991652000001,5344
1610300002014,5302
0991534000009,5297
0492900001001,5234
0735602000002,5233
1618916000008,5199
0991652000019,5191
1634780000007,5143
0997076000009,5143
0053572000001,5140
1215632002004,5122
1634780000001,5112
1638600000016,5099
0997076000011,5078
0493330000007,5016
0735602000001,5014
1634004000003,4995
1215914000001,4993
1618916000010,4992
0991652000014,4990
1610300003023,4970
1035190000004,4956
1636762500006,4924
1618916000011,4920
0998412000006,4917
0492902000008,4887
0995048000001,4851
0995048000005,4840
0738134000001,4821
0991652000013,4813
0991534000003,4786
0995048000015,4783
0991652000016,4773
1618916000009,4761
1616456000007,4741
1638600000005,4706
1633542000001,4693
1257004000001,4679
1638890000003,4672
0933954000001,4666
0816466000003,4657
0997646000014,4655
1634780000011,4653
0997076000007,4645
0991652000009,4628
1638890000004,4625
0493330000004,4614
0997076000003,4585
1638600000004,4571
0211734000001,4565
1638042000003,4556
1451046000002,4555
1176812000001,4553
1638600000017,4551
1634780000009,4540
0991652000020,4536
1618916000006,4530
0997646000021,4524
0492902000001,4516
0995048000014,4505
1616456000006,4497
1610300001002,4482
0492900002006,4463
0991652000018,4461
1638890000002,4452
0991652000006,4452
0738134000002,4438
0492900005014,4434
0993682000004,4416
1636762500009,4410
1257004000009,4410
0776556000003,4407
1617114000002,4399
0991652000017,4398
0991534000004,4390
1618916000004,4386
0997646000040,4380
1638042000002,4378
1638600000028,4376
0654600002018,4350
1610302000001,4347
0217010000001,4336
0991652000002,4329
1638042000004,4325
0257570000001,4310
0492900005015,4309
1618916000007,4292
0754142005008,4287
0872316000001,4285
0492900001002,4283
1035190000001,4276
1618916000005,4273
0995048000003,4254
1257004000012,4252
1215634000001,4243
0050126000001,4239
0493330000003,4236
0776556000005,4232
0492776000002,4224
1453020000001,4220
0991652000005,4207
0995048000008,4206
0998154000001,4190
1614912000001,4185
1215914000004,4174
0452152000016,4147
0991652000011,4144
0372212000001,4144
1616456000002,4136
0997076000001,4131
1152632000001,4129
1618914002001,4118
1618910000002,4114
0492776000003,4103
1616456000003,4102
0754142001001,4101
1390894000002,4098
1215634000003,4096
1035190000003,4088
1215634000002,4080
1214516000001,4080
0492900007021,4079
1638600000003,4072
0873584000001,4071
0995048000002,4059
0735602000003,4058
0997076000006,4054
0997076000012,4052
1035686000001,4046
0050128000001,4045
1256544006014,4040
1610300001009,4028
0817544000002,4015
1257004000004,4004
0452152000006,3996
1638890000001,3990
0492900004012,3984
0991652000015,3974
0493330000001,3971
1211966000003,3964
1618916000003,3954
0670968000001,3953
0174236000001,3951
0654600004036,3950
0993682000001,3946
0995048000009,3934
0654600002020,3932
1610300005042,3932
0655218000002,3928
0991534000010,3927
1618914003002,3924
0776556000008,3924
0337174000001,3910
0813402000001,3905
1250766000001,3897
1215632001002,3894
1636762500003,3889
0818114000001,3886
0493330000008,3884
0492900006017,3883
0875142000001,3877
1638600000001,3876
1115378003006,3868
0771798000003,3868
0995048000004,3867
1250766000002,3860
0991534000001,3859
0998412000001,3850
0917912001001,3844
1551252000001,3842
1634004000004,3838
1638600000007,3834
1617194000003,3828
0998412000004,3811
1255992000008,3807
0776556000004,3798
0654600001008,3795
1471618000001,3792
0492900008023,3790
1035192000001,3788
0995048000019,3780
1638600000010,3779
0654600001005,3774
0813402000004,3764
0492900008024,3759
1215632004008,3757
1450856000001,3745
1638600000011,3739
0993682000005,3731
0997076000002,3730
0991652000007,3729
1115378004008,3723
0993682000003,3721
1436820000001,3715
1497976000002,3707
1638890000005,3700
1638600000006,3698
1252788000006,3674
1115378005010,3672
0776556000010,3667
0993682000002,3664
1617194000005,3664
0451482001001,3660
0776556000013,3660
0933956000002,3653
0175498000003,3648
0995048000013,3646
0492900004011,3646
1255992000006,3645
1636888000003,3638
0991652000012,3628
1610300004039,3621
1575424000001,3619
0917912001002,3619
0991534000005,3616
0932122000001,3615
1250766000003,3614
0991652000010,3608
0774216000005,3601
1256544003008,3593
1391802000001,3593
1115378005009,3590
1457910000001,3590
1256544006013,3589
0814282002014,3589
0236666000001,3587
0095064000001,3584
0813400001008,3583
0654600004032,3583
1396246000001,3582
1115378002004,3578
1257004000003,3575
0493328000001,3573
1614746000001,3569
0991534000007,3559
1475160000001,3556
1215632001001,3556
0451482002001,3554
0654600003028,3544
1115378002003,3544
0494782000001,3543
0492900006016,3533
1617114000001,3532
0654600004034,3530
1115378001002,3526
0454600003022,3525
1630702000001,3521
0674088000001,3506
0994690000003,3505
0991534000006,3499
1216952000001,3496
1638600000014,3493
0874604000002,3493
1115378003005,3488
0190164000001,3483
0492900009028,3483
1115378004007,3481
0456070000001,3470
0991534000002,3469
0874604000001,3465
1396246000003,3463
0998412000005,3458
1393866000007,3454
0452456000001,3453
1636762500004,3449
0991652000003,3447
0933954000002,3442
0654600002013,3438
1115378001001,3435
1393866000009,3435
0995048000018,3433
1451156000002,3432
0813400002036,3430
1475638000001,3428
0254706000001,3428
1095304000001,3422
0654600002012,3421
0290982000016,3421
1571342000001,3413
1231106000001,3411
0817544000001,3410
0337174000002,3407
0676588000001,3406
1252788000003,3405
0493330000009,3399
0452452000001,3399
1215864000001,3391
0776556000001,3391
0918864000001,3390
1471618000005,3387
1472382000001,3387
1637736000002,3379
0057172000001,3379
1632200006477,3375
0250592005011,3375
0998412000007,3373
1212508000003,3370
1636942000002,3370
0175498000002,3366
1255992000005,3365
0654600001001,3363
1390136000003,3361
0654600003030,3354
0777188000003,3353
0991432000003,3341
0134556000001,3332
1256544004009,3323
1477070000001,3316
0811224000003,3316
1494906000001,3310
1558840000001,3304
1255992000001,3304
1638600000002,3303
1070832000001,3299
1633142000008,3296
1637900000007,3294
1518876000001,3293
1390136000004,3288
1610300005043,3287
1255056000005,3277
0274414000001,3267
1498694000001,3260
1617194000002,3257
1638600000012,3256
0215778000003,3252
0870168000002,3250
0250672000003,3249
0056162000001,3248
1615392000001W,3241
0997646000009,3238
1617780000001,3235
1258424000007,3233
0657658000001,3230
1212508000002,3223
0931064000004,3218
0816466000007,3217
0813124000007,3217
1258424000015,3214
1616456000004,3214
1472976000004,3212
0997646000011,3206
1252744000010,3205
0997646000043,3202
0173018000001,3195
1250911000016,3194
1618916000001,3190
1390136000001,3190
0412636000003,3190
1638600000013,3186
1396246000005,3186
1457052000015,3185
1258424000005,3176
0811224000002,3175
0170602004001,3174
1258424000017,3174
1258424000013,3173
1257004000018,3172
0654600004035,3172
0658742000001,3171
0337174000003,3170
1034124000001,3168
0995582000003,3168
0933956000001,3168
0995582000006,3163
0654600004038,3163
0998400002019,3157
0154112000001,3157
1457054000012,3155
0757720000007,3152
1636888000001,3151
0470638000002,3151
1231898000001,3150
0492900003010,3149
0554924000003,3149
0497946000002,3146
0658222000001,3143
1632836000003,3141
1277286000001,3141
0170602003001,3140
1258424000002,3139
0652142000005,3137
0933704000003,3137
0357758000001,3134
0812398001001,3134
1578186000001,3133
1258424000021,3132
0931062000003,3130
1451156000003,3130
0493328000002,3121
0276090000001,3119
1638600000009,3119
1618916000002,3118
1255992000010,3116
0933610000007,3114
1636888000002,3114
1155502000001,3114
0754698000002,3113
0493330000010,3113
1631312000024,3112
1155502000005,3110
1258424000020,3107
0311500000002,3106
0275446000001,3105
0933610000001,3105
0997646000035,3104
0814282002015,3104
0812398003003,3103
0998400001001,3102
0997646000010,3101
0998400003027,3101
0231704000001,3097
1610300004033,3097
0493180000006,3095
1256204000007,3095
1258424000003,3095
0654600002016,3094
0813124000005,3092
0652142000001,3091
0170602005001,3090
0211142000001,3089
0997282000014,3085
1610300004038,3082
1394152000001,3081
1615828000001,3080
0996980000009,3080
0997646000042,3078
1632200003068,3076
1155502000004,3074
0997646000004,3074
0053864005011,3071
1258686000006,3070
1471840000001,3069
1211410000001,3069
1610300001001,3066
1636942000008,3065
1176404000001,3065
1514730000001,3064
1390136000002,3064
0875809000001,3063
1251764000013,3063
0754142002003,3062
1257004000013,3062
0654600001004,3061
1617756000004,3060
0255194000001,3059
1651232000001,3057
0170602009001,3057
1631312000030,3056
1631312000029,3056
0814282002011,3055
0378232000001,3053
1258424000011,3053
1175514000001,3050
1258424000012,3050
0811224000001,3049
0777930000004,3048
0813400002044,3045
1376168000001,3044
1393188000001,3042
0811250000005,3040
1638600000008,3039
0997646000002,3039
0813402000006,3038
0933186000003,3034
1631312000028,3033
0676586000001,3030
1637900000001,3030
0577100000001,3029
1610300004035,3025
1617756000005,3024
0058490000001,3023
0995048000020,3021
0170602002001,3020
1252744000020,3019
0812398002002,3015
1258424000006,3013
0170602008001,3012
1495940000001,3011
0997646000005,3011
1255056000003,3011
1258424000018,3008
0170602006001,3007
1634004000002,3007
0318088000001,3006
0933186000002,3005
1457052000016,3004
1633142000001,3004
0931792000001,3002
1156690000002,3002
0910044000003,3002
1471676000001,3000
0816908000002,3000
0491206000010,2999
0997646000012,2996
1633628000004,2996
0813400003065,2996
0170602001001,2995
1258424000016,2995
1258424000014,2993
1457052000014,2993
1252744000009,2991
1653660000001,2991
0276090000002,2990
1610300003026,2990
0215778000004,2989
1258814000002,2987
0935164000002,2987
0273948000002,2986
1251764000009,2985
0816466000006,2984
1592106000001,2982
0997646000013,2980
0156098000001,2979
0995048000010,2979
1255056000008,2976
0654708000001,2976
0997646000015,2975
1255398000003,2974
1215632004009,2973
1153082000005,2972
1212508000001,2972
1255992000004,2971
0997282000011,2969
0816466000008,2968
0412636000001,2967
1631312000025,2966
1252744000025,2964
1633558000001,2962
1258424000008,2962
1391880000001,2961
1593184000001,2961
0310742000001,2956
1252744000016,2955
0652142000003,2955
0495616000001,2955
1251004000004,2953
1258814000004,2953
1432164000001,2952
1457054000015,2951
0813400002033,2950
1632836000002,2949
1256544004010,2945
1258814000001,2943
0997282000024,2942
0750876000004,2939
1616456000008,2939
0933186000004,2938
1396246000006,2938
1252744000021,2938
0054660000001,2938
1258424000009,2935
0776140000002,2933
1433196000001,2931
0213586000001,2930
1255982000007,2928
0654600001002,2928
0811224000005,2927
0991652000008,2926
1636762500013,2923
0931064000003,2923
0998400003044,2922
0998400002002,2921
0214426000001,2920
1393864001001,2918
0997282000027,2917
0170602007001,2917
0056474000001,2912
0553158000001,2912
0215776002002,2912
0215776003003,2910
1457052000012,2910
0252593500004,2910
0998400003013,2908
0754698000004,2907
1651232000002,2907
1213098000002,2907
0811224000007,2906
0814282002016,2904
1631312000027,2904
1393334000003,2903
0997076000005,2903
1252744000024,2902
0474802000001,2902
0810116000005,2901
1215914000002,2901
1610300005052,2901
0997282000022,2900
0153912000001,2899
1457054000013,2898
0811850000002,2897
1492692000001,2897
1258424000019,2897
1256544001001,2896
0491206000003,2894
1253808000008,2893
0496818000003,2892
1635900000011,2891
1155504000005,2888
1256204000005,2888
0556334000001,2887
1035688000001,2887
0938124000001,2887
0814282001002,2886
0217098000001,2886
1638838000002,2886
0334348000001,2884
0556334000002,2884
1153082000007,2883
1256902000002,2883
1254040000011,2882
1477070000002,2882
1632100000018,2881
0750876000003,2877
1397584000003,2876
0496818000002,2875
0931692000001,2873
1616456000009,2872
0757720000008,2872
1617756000002,2871
1551188000001,2871
1213102000003,2871
0370590000004,2871
0250672000002,2870
0210740000001,2867
0156626000001,2865
0933610000006,2865
0776556000006,2864
1251764000011,2861
0814282001017,2860
0997646000008,2859
0994690000002,2858
0553158000005,2858
0492900003009,2857
0916934000001,2856
1257004000006,2856
0255194000002,2855
0534106000002,2855
1370478000002,2855
1634068005001,2855
1256544003007,2854
0998400005007,2853
0150556000001,2853
0938116000004,2852
0996980000001,2852
0997076000004,2852
0816466000009,2851
0998400004053,2851
1497976000001,2849
0256344000001,2848
1457054000007,2847
1590314000002,2847
1638600000015,2846
0814956000002,2846
1254040000010,2846
1256544001003,2844
0998400005037,2844
1370478000001,2843
1637496000009,2842
0997646000038,2841
0777930000005,2840
1633142000003,2839
0995048000022,2838
0070174000001,2837
1155502000002,2836
0995048000007,2834
0813400001001,2833
1215632003006,2833
1451354000002,2833
1255056000002,2833
1152340000003,2831
0997282000016,2831
0378440000002,2830
0170512000005,2830
0776140000009,2829
1637496000011,2829
0933634000003,2828
1476862000001,2828
0492778000001,2828
1633542000003,2826
1393188000004,2826
0998400004028,2825
1638042000001,2824
0910046000002,2824
1114616000002,2823
0816466000002,2823
1258424000004,2823
1251764000005,2822
0997646000007,2821
1258686000010,2821
1032972000001,2820
0754698000001,2819
1393188000013,2818
1610300002021,2818
0554924000001,2817
0813400001015,2817
0218452000001,2817
1258686000001,2814
0211548000001,2814
0418524000002,2814
1632200005136,2813
1252744000027,2813
0055084000001,2813
1457052000011,2812
1253872000003,2810
1398928000002,2810
0777930000006,2810
0933704000002,2809
1634900000001A,2809
1633548000002,2808
0816466000001,2806
1255898000002,2806
0774216000022,2805
1257492000007,2805
1015074000001,2804
0214760000001,2804
0594162000001,2804
1015072000002,2804
1638166000003,2804
1034122000002,2803
0670690000001,2801
0453620000001,2798
0776826000003,2798
1637900000013,2797
1254040000009,2796
0897762000001,2796
0776556000007,2795
0151396000001,2795
0910902000002,2795
1397584000005,2793
0998400002032,2792
0750876000001,2790
0874606000002,2789
1150772000002,2789
0811420000001,2788
0217098000004,2788
0998400005008,2786
1252744000026,2786
0998400001042,2785
1478290000001,2783
1155504000004,2782
1476582000008,2779
1572530000001,2778
1251764000003,2778
1253872000004,2777
1254040000001,2777
0277394000001,2777
1633628000002,2776
0774216000008,2776
0996980000011,2776
1550728000001,2775
0053746000001,2774
0492900007020,2773
1634900000004A,2773
1393188000007,2773
1256204000002,2772
0913032000001,2772
0754698000003,2772
0995710000003,2771
1596300000001,2770
1636762500005,2770
0996980000015,2769
1651232000003,2768
1258814000003,2768
0933610000003,2766
1393188000005,2765
1073476000001,2765
1573076000001,2765
1157714000001,2765
0813124000008,2765
0070176000004,2765
0217096000001,2764
0818894003030,2764
0997646000017,2762
0435922000001,2761
0910044000002,2761
0813124000004,2760
0776826000001,2760
0813400003051,2759
1611502000001,2759
1154918000001,2758
0910046000001,2758
0814956000001,2758
1256110000009,2757
1393334000004,2756
0273948000001,2756
1253872000001,2756
1637900000004,2755
1257004000008,2754
0750876000005,2750
1631122000004,2750
0215776004004,2748
0492778000006,2747
1637900000014,2746
0492778000002,2746
1393188000011,2746
0492922000003,2744
1213102000004,2742
0337462000001,2741
1215914000003,2740
0933704000004,2739
0214760000003,2738
1632200005164,2736
0813124000001,2735
1631122000003,2735
0892570000001,2732
1251764000008,2729
1373736000001,2728
1632836000001,2728
1632100000007,2728
1610300003024,2726
0754142006009,2726
1256544007016,2723
1393188000015,2723
1390136000005,2722
1258070000029,2721
1590160000001,2719
0490342000002,2718
1256204000001,2715
1457052000010,2715
0810978000001,2714
0996980000005,2714
1631312000003,2712
1638166000002,2712
0051370000001,2711
1031566000001,2711
0470638000001,2711
0992429000012,2709
0931064000006,2708
0811308000004,2708
0814282001006,2708
1610300005051,2707
1636762500016,2707
1631312000015,2706
1472976000001,2702
1594646000001,2701
0158902000001,2699
0613936000002,2698
0990354000001,2698
0813400003064,2697
1638166000004,2696
1254982000006,2695
0936012000002,2694
0255196000001,2692
1393188000010,2692
1556196000001,2692
1150674000006,2691
0190760000001,2690
1155502000006,2690
0216118000003,2689
1250911000015,2689
1476582000007,2688
0996980000008,2684
1457054000005,2683
0875250000003,2683
1134438000001,2682
1632200005168,2681
1258548000004,2680
0491206000004,2680
0811850000003,2680
0997646000003,2679
1596428000001,2679
1397798000003,2679
0654600004037,2679
0870328000001,2677
1252744000011,2677
0751740000003,2677
0998400001004,2677
0654600003025,2676
0813400001016,2676
1258548000010,2675
1252744000003,2673
1392796000001,2673
1631312000016,2671
1034122000001,2670
0774218000003,2669
0995048000011,2668
1610300003028,2667
1631312000032,2667
0450708000001,2667
0997282000023,2666
1251764000002,2665
0813400003058,2665
0492900002005,2665
1252788000004,2663
0935164000004,2661
1470776000001,2660
0178738000001,2660
1393188000014,2659
1497330000001,2658
1610300001010,2658
1476582000006,2657
0776556000011,2657
1257004000002,2656
1457066000001,2655
1637900000022,2655
1631312000019,2655
0655314000003,2655
1150368000002,2653
1475208000001,2652
0998412000002,2652
1393866000006,2651
1150368000001,2651
1397798000001,2651
1256544005015,2651
0874030000001,2651
0774216000007,2650
1393188000002,2649
0774216000010,2649
0771798000004,2646
1254040000005,2646
1457054000010,2646
0997646000039,2645
1251004000003,2644
1393864006015,2644
0916684000001,2643
1251764000004,2643
1638166000007,2643
1233438000001,2642
1258070000020,2642
1257004000005,2642
0997646000031,2641
0910044000006,2639
1215634000004,2639
1637496000006,2636
0997282000002,2635
1258548000008,2635
0434330000002,2635
1256903501004,2632
0476806000001,2632
1474316000004,2631
0757720000002,2630
1273440000001,2629
0814282001001,2628
0250592003017,2628
1258548000012,2625
1631312000018,2624
0995048000021,2622
0814282001008,2622
0157962000003,2620
1255982000002,2620
1638494000004,2619
1634004000001,2619
0214760000002,2619
0655314000005,2619
1393336000007,2618
1258548000011,2618
0652412000005,2618
0491990000006,2613
0818894003029,2612
1393866000004,2612
1251004000002,2612
0498238000002,2612
1255944000002,2611
0938116000001,2610
1258548000022,2610
1631312000033,2608
1393336000005,2608
1457054000014,2606
1635900000004,2606
1633558000006,2606
1215632003007,2605
0816466000011,2605
1638166000006,2604
1254040000007,2604
0997646000006,2604
1633670000005,2603
1258070000026,2602
0813400002039,2602
0553158000006,2601
0810024000003,2601
0153714000001,2599
1632100000003,2599
1636508000010,2598
0054518000002,2597
1258548000016,2597
1252788000005,2597
0774216000015,2595
1252744000004,2595
0818296002004,2595
0813400002035,2595
1457054000011,2594
1256903501001,2592
1256204000003,2592
1636506000001,2592
0154186000001,2590
0654600003027,2590
1476582000009,2589
1218678000001,2589
1172672000001,2589
1398928000003,2588
1398882000001,2588
0731558000001,2588
1636762500012,2587
0910044000001,2587
1610300003025,2587
1215636000004,2586
0056164000002,2586
1070830000002,2585
1150674000011,2583
1551830000001,2583
1632102000012,2583
1256903501003,2582
1617113000002,2582
0474808000001,2582
0550020000001,2582
0353422000001,2581
1535076000001,2580
0495598000008,2579
1396594000001,2578
0497946000001,2577
0554924000002,2576
0910044000004,2576
1251764000010,2575
1214516000002,2575
1258686000011,2574
1635898000001,2574
0173040000001,2572
0991130000002,2572
1255398000006,2571
1251616000001,2571
1256903501002,2569
1631312000022,2569
1612218000001,2568
0493122000001,2568
1393866000011,2568
0813400001018,2567
0774216000019,2567
0998412000003,2563
0493330000006,2561
1256544002006,2561
1638166000010,2561
1590924000001,2559
1252788000002,2557
0157962000001,2555
1253742000005,2554
0996838000001,2554
1616456000005,2552
1635900000008,2551
0553158000002,2549
0811366000005,2549
1637736000003,2549
1253808000004,2548
1256544007018,2548
0997646000020,2547
0997282000015,2547
0813400002030,2547
1638166000005,2547
1190094000001,2547
0813400001014,2544
1635900000012,2544
1491737000001,2543
1393188000009,2542
0210740000005,2542
0998400002050,2541
1258548000017,2541
1635900000007,2540
0936012000001,2539
0052268000002,2538
0811224000008,2537
1476582000004,2536
1256903502008,2536
1638494000002,2536
1255398000002,2535
1635900000006,2534
1632200004023,2533
0870168000001,2532
0157962000002,2531
0931064000005,2531
1631122000002,2531
0493180000008,2530
0490342000001,2530
0997646000030,2530
1638166000008,2530
0876106000002,2530
0492900009029,2529
0495616000003,2528
0818894003026,2528
0570154000003,2528
1633558000003,2527
1031566000002,2527
1637496000003,2526
0938116000002,2526
1254982000009,2525
0652142000008,2524
1432164000002,2524
1457054000006,2523
0250592002021,2522
1256110000004,2522
1457052000003,2521
1610300002019,2520
1631312000020,2519
1258070000009,2519
1256544005011,2518
0492778000003,2518
0553158000004,2518
1254040000006,2517
0431022000003,2517
1632200006151,2515
0370840000001,2514
0210552000001,2514
0818894001010,2514
0813400003057,2513
0776556000009,2513
0816466000004,2512
0372358000001,2510
0992429000006,2510
0933186000006,2510
0656080000001,2509
0492900003008,2509
0210792000001,2509
0813400001012,2507
0252593500003,2506
1250864000007,2506
1213102000002,2504
1631122000010,2504
1252788000001,2504
1476582000010,2504
0655218000001,2504
0814282001009,2503
1258070000002,2502
1252744000017,2501
0813400001011,2501
0996980000003,2499
1256110000015,2499
0997282000018,2498
0810184000004,2498
1457984000001,2498
1258548000005,2497
0056164000001,2497
1393188000012,2496
0215776001001,2496
1631312000013,2496
0210740000006,2496
1610300005046,2494
1150674000005,2494
1015072000001,2494
1150674000004,2494
1256490000001,2493
0092534000001,2493
1457052000001,2492
1156690000001,2491
0774218000007,2490
0056182000001,2489
1258548000024,2489
0630474000001,2489
1617194000001,2487
1393866000010,2487
0550888000002,2486
0876106000001,2486
0757720000001,2486
0938116000003,2486
0450744000001,2485
0774216000002,2484
0872116000002,2483
1636506000003,2482
0890844000001,2482
0998400003046,2481
0558704000001,2480
1610300004034,2479
1393188000003,2479
0498238000003,2478
1253742000002,2478
1215914000007,2478
1497696000001,2476
1251764000007,2476
1255056000009,2475
0935164000001,2475
0998400003009,2474
1638494000006,2473
0813400002048,2473
1250410500003,2473
0992429000002,2472
1393866000005,2472
1632200004047,2471
0231702002001,2471
0818894003025,2470
0238128000001,2469
1632102000025,2468
0231702003001,2468
0731688000001,2468
0758430000001,2468
0811250000002,2467
1257510000003,2467
0412636000002,2465
0671972000001,2463
1252744000007,2462
0995710000004,2462
1631312000021,2461
1633558000002,2461
0252593500002,2461
0052812000001,2460
0818894001002,2460
0813400001006,2460
1258548000001,2459
1638245300001,2459
0813416000005,2458
0813400003070,2458
1256110000013,2455
0998400005020,2454
1257510000001,2453
1216730000001,2452
0351592000001,2452
1632474000002,2450
0750876000002,2450
0997282000026,2450
1258070000010,2449
0998400003029,2449
0513232000001,2447
1593698000001,2447
1495300000001,2446
1393336000002,2446
1632474000001,2445
0814282002013,2444
0456610000001,2444
0095444000001,2443
1633142000007,2443
0997646000036,2442
0811308000001,2442
1213102000005,2441
1617194000004,2441
1631122000001,2440
1152340000002,2440
1435178000001,2440
1253742000001,2439
1472976000002,2438
0933610000002,2436
1150674000014,2435
0491206000007,2434
1610300004036,2434
0931062000002,2433
1252744000014,2433
1632100000017,2433
1457052000013,2433
0053136000001,2432
1631122000006,2431
0794228000001,2431
1374814000001,2430
1256903501005,2429
0933704000001,2428
1590314000004,2428
0652142000009,2428
1251764000001,2427
1475208000004,2426
0933610000004,2425
1634900000033A,2424
1158674000001,2423
1258686000005,2423
1393188000016,2422
0998400001005,2422
0217096000002,2421
1250911000002,2420
0751740000001,2420
1638166000009,2420
1634900000003B,2420
0811850000001,2420
0451338000001,2420
0498238000001,2419
0275214000001,2419
0998400004015,2418
1250911000009,2418
1416926000001,2418
1632200001271,2417
1596576000001,2416
1256110000002,2416
0413230000002,2414
0570154000002,2414
0274160000001,2413
1258070000027,2413
1633142000009,2412
1295434000002,2411
0757564000002,2410
0255762000001,2410
1171400000001,2410
0776982000001,2409
1252744000002,2408
0558034000010,2408
1636942000004,2408
0998400004045,2407
0370590000002,2407
1255944000006,2407
0774218000010,2406
0811250000006,2405
1633548000001,2404
1255056000007,2402
1258686000002,2402
1256110000005,2402
1257576000003,2401
1035190000002,2400
1476584000001,2400
0492778000005,2399
1634068002002,2399
1610300001007,2398
0256344000003,2398
0810024000002,2398
1631312000017,2398
1633142000006,2397
1253808000002,2397
0771768000002,2397
1258686000009,2396
1250911000017,2396
0997646000023,2396
1476584000004,2395
1634900000009A,2395
1590314000005,2394
1610300004031,2392
1636508000011,2392
0791634000001,2392
0774216000020,2391
1631312000031,2391
0776140000005,2389
0558034000001,2388
0217096000003,2387
0915054000001,2386
1215636000001,2386
1251004000001,2386
0434096002002,2384
0992429000005,2384
1250911000005,2383
1638494000005,2383
0215778000005,2382
1250864000006,2382
1393864003006,2381
1615068000002,2380
0813400003062,2379
0256344000002,2379
0997646000001,2378
0811250000003,2377
0652412000011,2376
1614978000001,2374
1258548000002,2373
0434096001003,2373
1258548000020,2372
0377094000002,2372
1396594000002,2372
1610300005045,2371
1393188000006,2370
0813124000003,2370
1637900000002,2370
1154026000001,2370
0750876000006,2370
0652142000006,2368
1636762500014,2367
0813400001013,2365
0777930000001,2363
0998400002003,2362
1633552000005,2361
1075278000001,2361
0491990000001,2361
0517986000001,2361
0215778000001,2361
1256110000007,2360
0993042000003,2360
0236184000001,2359
0998400005039,2358
1637900000017,2358
0810184000003,2358
1258070000014,2358
1213102000001,2357
1255944000008,2357
1215632002003,2357
1636762500015,2356
1634068004001,2356
0998400004030,2355
1257004000015,2355
1258070000003,2354
0210752001001,2353
0170654000001,2352
0458784000001,2351
1257490000004,2347
0510836000001,2347
0491988000002,2347
1632200003092,2347
1618914001002,2347
1597500000001,2347
1211966000001,2345
1635900000009,2345
0756892000001,2344
1638166000001,2343
1397584000001,2341
1637900000018,2340
1393866000003,2340
1610418000003,2339
0991130000003,2338
1610300005047,2338
1257510000002,2338
0811224000004,2337
1258548000023,2336
1150772000001,2336
1557352000001,2335
1632200004115,2335
0654600004040,2334
1631312000023,2334
1474316000001,2334
1610300003030,2334
1256204000004,2333
0491206000008,2333
1253808000001,2332
1255982000006,2331
1255944000011,2330
0998400005006,2329
1154626000002,2329
0992429000003,2328
1633202000002,2328
1633670000006,2327
1258070000017,2327
1632200006425,2325
0658744000001,2325
0753450000001,2325
0492778000004,2324
0998400004014,2324
1230828000001,2324
1572160000001,2321
0556232000001,2320
0250592001004,2319
1634900000011A,2317
1258548000025,2317
1637900000010,2317
0211140000001,2315
1633552000002,2314
1451046000001,2313
1256903502009,2313
1635900000003,2313
0252593500001,2312
1610300004032,2312
1397584000004,2311
0216118000001,2309
1252744000001,2309
0997282000025,2309
1631312000009,2309
0652142000002,2308
0652142000004,2308
1176830000001,2308
0813416000001,2308
1153082000006,2306
0818894001009,2305
0815692000001,2305
1213098000001,2305
0552380000001,2302
1634900000014A,2302
0894670000001,2302
0692442000001,2301
1250918000001,2301
0574134000001,2300
0996980000002,2300
0553496000001,2299
1252744000005,2298
1633142000002,2298
0214760000004,2298
1177384000001,2295
1252744000019,2295
0353734000002,2295
0997646000034,2294
1257004000017,2293
1217710000001,2291
1457052000007,2290
0210752003001,2290
0652412000009,2290
0210484000001,2290
1632200007369,2289
0813416000003,2288
0751776000001,2288
1634900000034A,2287
1150772000004,2287
1256903504031,2287
1618914001001,2287
1393188000008,2286
1215914000005,2286
1632200004020,2286
0992429000004,2283
0552380000004,2282
0995048000016,2281
0991652000004,2281
0818296003007,2279
0217974000001,2279
0658744000002,2279
1398928000001,2279
0372214000001,2279
0214760000005,2279
0055200000001,2279
0756276000001,2278
0652142000007,2277
0215723000001,2276
1258070000028,2276
0757720000004,2276
0997646000026,2275
1256544007017,2275
1230370000001,2274
1253872000002,2274
0654600001009,2273
0992429000008,2273
0813400003053,2272
1457054000001,2272
0491206000001,2271
1053622000002,2270
0652412000004,2269
1638494000003,2268
1255944000015,2268
1636942000007,2268
1610300003029,2268
0434096003002,2267
0997646000022,2267
1171908000001,2266
0757720000003,2266
0933634000002,2265
0993042000004,2265
0774216000001,2265
1631122000005,2264
0810024000006,2264
0997646000029,2264
0676116000001,2263
0872116000001,2262
1215636000002,2262
1476582000005,2262
1258548000013,2262
0492902000005,2261
1012804000001,2261
0496818000001,2261
1436956000001,2260
1618910000001,2260
1256544005012,2259
0813400001019,2259
1618510000003,2258
1257492000002,2258
1112483000001,2258
1615828000002,2257
0991534000008,2257
0933610000005,2257
0993682000006,2257
1393864001003,2257
0413230000001,2257
0814282001007,2256
1637900000023,2256
0998400002036,2255
1257004000016,2254
0774218000008,2254
1638494000001,2254
1257490000029,2253
1632200006473,2252
1254000000003,2252
1316088000001,2251
0757564000003,2251
1232616000001,2250
1393336000003,2250
1114768000001,2250
1631312000014,2249
0814282002012,2248
1254246000001,2247
0818894002022,2246
1256903503019,2245
0696134000001,2245
1255982000005,2245
0498238000004,2244
1637496000004,2244
1255056000001,2244
1616456000001,2244
1636508000003,2244
0231702001001,2243
0058062000001,2242
1618914003001,2242
1612216000001,2242
1630138000005,2242
0652412000003,2241
1631122000012,2241
0813400002027,2241
1254040000003,2240
1615828000003,2240
1258306000002,2240
1631122000008,2240
0175498000001,2238
0995710000005,2238
0776296000001,2237
0372214000003,2237
0250592001010,2236
0875250000001,2236
0491990000005,2236
0493180000009,2236
0193900000001,2236
1075560000001,2235
0818296001001,2235
0875336000001,2234
0754142003005,2234
0591270000001,2234
1476582000003,2233
0997646000032,2233
1610300005050,2232
1591744000001,2231
0774216000009,2230
1298560000001,2230
1631312000008,2230
0935164000003,2230
1256544001002,2229
0493180000004,2229
1396246000004,2228
0250592003015,2228
1253564000002,2227
1651586000001,2227
0655314000019,2227
0654600003024,2226
1632102000013,2226
0818894001001,2225
1474092000001,2223
0452152000008,2223
0818894003028,2222
1173884000001,2222
0753770000002,2222
0757998000001,2222
1253742000006,2222
0810184000006,2221
1393980003001,2221
0771768000001,2220
0491206000002,2220
0377094000001,2218
0998400001052,2218
1651506000001,2217
0250592005003,2217
0916684000003,2216
0818296003008,2216
0955044000001,2215
0817556000001,2215
1393980001001,2215
0818296003009,2214
1634900000013A,2214
0794228000002,2213
0552380000002,2211
0495616000002,2211
1173510000003,2210
1631312000004,2210
0558034000007,2209
1455106000001,2209
1633628000003,2208
1637496000008,2207
1250911000003,2206
0813400001023,2206
0314082000001,2203
1632200001359,2202
1250911000018,2201
0495598000004,2201
0818894001008,2201
1254040000008,2200
1253742000003,2200
0998400005021,2199
1256110000001,2199
1633142000010,2199
0816466000010,2198
1634068002001,2198
1610418000001,2198
1250911000007,2198
0996980000007,2197
1633628000005,2197
0818296002006,2196
1633542000002,2195
0998400002040,2194
0813400001003,2193
1610300004037,2193
1632200001326,2193
1634900000007A,2193
1251616000005,2192
0194070000001,2192
1393864002004,2191
0057110000002,2191
1631312000011,2190
0210782000001,2188
0870404000002,2187
1396900000001,2187
1252744000012,2187
0376044000001,2186
1254982000004,2186
1457052000009,2185
1210934000001,2184
0933506000006,2184
0997282000006,2183
1634900000002A,2183
1250911000008,2183
1610300001006,2182
1491194000001,2182
1617116000001,2182
1637900000012,2181
0250592002018,2181
1215636000003,2180
1258548000006,2179
0813400002043,2179
0491206000006,2178
1114176000002,2178
0996838000002,2177
0813400002047,2176
1252744000008,2176
1632102000011,2175
1258548000015,2175
1632200005124,2174
1632200006461,2173
1393864006014,2173
0637220000001,2172
0553158000007,2172
1636508000007,2171
0998400003049,2171
1633558000005,2170
0278492000001,2170
0597456000002,2170
1637900000003,2169
1256902000005,2169
0655314000008,2169
0813416000002,2168
0776982000002,2168
0771768000003,2168
1574044000001,2168
1636942000009,2168
0936654000002,2168
1631312000012,2167
1211384000001,2167
1256110000012,2166
1474274000001,2165
1632102000026,2164
1237312000001,2164
1257004000011,2164
1617756000003,2163
0453342000002,2163
0813400003063,2162
1050198000001,2162
1256102000001,2161
1250864000001,2161
0811308000002,2160
0755664000001,2160
0053920000001,2160
1254040000002,2158
1633670000003,2158
0654600001010,2158
1257492000005,2156
1632100000006,2156
0578662000001,2156
1393336000001,2155
1637736000004,2155
1254040000004,2154
1630138000009,2154
1636508000006,2154
1472596000001,2153
1611502000002,2153
1636508000009,2153
1517158000001,2152
0777930000003,2152
0492922000001,2151
1257576000002,2151
0774216000016,2150
1250864000004,2150
0458784000002,2148
1632200004011,2148
1253808000003,2147
1591856000001,2147
0813416000004,2147
0774216000003,2146
0552380000005,2146
0453342000001,2145
1213882000001,2145
0210740000002,2145
1150674000008,2143
1256903504029,2143
1251764000014,2142
0491988000001,2142
0353734000001,2141
1474092000002,2141
1255056000006,2141
1256903502010,2140
1558188000001,2140
1257490000002,2139
1393336000004,2138
0813400003049,2138
1150674000013,2137
0558034000008,2136
1457766000001,2136
0173626000004,2135
0770084000002,2135
1255944000013,2134
0490400000003,2134
0231702004001,2134
1258070000015,2133
0250592004013,2133
1250410500007,2132
0590030000001,2132
1496248000001,2132
1258306000001,2131
0757720000005,2130
1476584000002,2130
1457054000009,2128
1598482000001,2128
1631312000007,2128
1255944000007,2128
1632200001320,2128
0770992000001,2128
1612218000002,2127
0813400003054,2127
0810024000005,2127
1253808000006,2126
0753450000002,2126
0372214000007,2126
0492776000001,2125
0777930000002,2125
0818894002020,2124
0054676000002,2123
1393864003007,2123
0250592001023,2123
0491662000001,2122
1397798000002,2122
0170512000003,2122
0091442000001,2122
0696134000004,2121
0573108000001,2120
0654600003026,2120
1634900000020A,2120
0996980000006,2119
1632200006470,2119
1476582000001,2118
0654600002017,2117
0372214000005,2117
0610032000001,2117
1632102000021,2116
0492922000004,2116
1556194000002,2116
0170512000006,2116
1632200005125,2115
1250864000002,2115
0813416000006,2113
1556194000006,2113
1255944000012,2112
0815958000002,2112
0517050000001,2111
0616554000002,2110
1256902000001,2109
0813124000009,2109
0977084000001,2109
1256903502015,2109
1632102000001,2108
1396046000002,2108
0511218000001,2108
0250592004008,2107
1252744000023,2107
0491990000004,2107
1476584000003,2106
0754142004007,2106
1258548000019,2106
0818296001003,2104
1256903503016,2103
0491626000001,2103
1258070000037,2102
1632200007347,2102
1610300004041,2100
1251764000006,2100
0490400000001,2100
0378440000001,2100
1256110000003,2100
0655314000017,2100
1637900000021,2099
1632100000015,2098
0654064000001,2098
0215778000002,2098
0495598000009,2097
0754142004006,2097
1610300002017,2096
0813400002028,2095
1250864000008,2095
1632200001261,2094
0813400003061,2094
1257490000030,2094
0495598000006,2093
1255982000001,2092
1250410500009,2091
1632100000002,2090
0597456000001,2089
1634900000012A,2089
1634900000019B,2089
0696464000002,2089
1631122000007,2088
1633628000007,2087
0275148000001,2087
1476582000002,2087
0271262000001,2086
0210752004001,2085
0813124000006,2084
1630138000002,2084
1632200002201,2084
1250864000005,2084
0933186000001,2084
1153082000004,2083
1634068006001,2082
0650424000001,2082
1558204000001,2082
1632200004050,2081
1150674000003,2081
1632200002221,2080
1250410500004,2079
0250672000001,2076
1632200002224,2075
1233164000001,2074
0811308000006,2073
1632200006480,2073
0055520000001,2073
0671284000001,2073
1517154000001,2073
0253894000001,2073
1250410500001,2072
0993042000006,2071
0992429000007,2071
1258548000018,2070
1471752000001,2070
1632200004043,2069
1393334000001,2068
1258548000021,2067
0813402000005,2066
1634068004002,2066
0250592003001,2065
0894682000001,2065
1578184000001,2065
1257490000022,2064
1632200003062,2064
1258070000025,2064
0813400002034,2064
1631312000006,2064
1150368000003,2063
1150674000002,2063
1172276000001,2061
1556194000001,2060
0933634000001,2060
0933506000001,2059
0774216000006,2059
0477590000001,2059
0936012000004,2057
0755664000003,2057
1393864004008,2056
1075560000002,2056
1631122000009,2056
1215914000006,2055
1037146000001,2054
0817446000001,2054
1457052000006,2053
0157042000002,2053
1114616000001,2053
1491786000001,2052
0553158000003,2051
0057110000001,2051
0774216000012,2050
0818192000001,2050
1251764000015,2049
0151334000001,2049
0412638000001,2048
1632200007331,2048
0558034000003,2048
0491990000002,2048
0676158000001,2046
0992429000011,2046
1158674000002,2045
1457052000008,2045
1275730000001,2043
1256958000003,2042
0933704000005,2042
1255944000004,2040
0776620000001,2040
1632200001357,2040
0813400001020,2039
0870404000001,2038
1250911000006,2037
1633554000005,2037
0910044000005,2036
0774216000017,2035
1254632000002,2035
1635900000005,2034
1255944000021,2034
1610300001005,2033
1256204000006,2032
0452152000007,2032
0776556000012,2032
0654600004039,2032
0813400002042,2031
0058158000001,2030
1634900000021A,2030
1154026000002,2030
0997282000028,2030
1170720000001,2029
0576436000001,2029
1610300002018,2028
1394152000004,2028
1632200006472,2028
1153082000009,2027
1632200007355,2027
0052268000003,2027
0452152000005,2026
1632200005162,2025
1633552000003,2025
1657238000001,2025
1257492000001,2024
0813400003056,2024
0774216000011,2024
1632102000023,2024
1114176000001,2023
1632102000027,2023
1396532000001,2022
1470118000002,2022
0813400003068,2022
0818296002005,2022
1632200006481,2020
1497696000004,2020
1636508000001,2020
1252744000013,2018
1637496000002,2018
1257490000023,2018
0997282000021,2016
0250390000001,2014
1255992000002,2013
1257490000031,2012
1215510000001,2012
1474316000002,2011
1638838000001,2011
1454380000001,2011
1471202000003,2010
0250592002012,2010
0813400002038,2010
1150674000007,2009
1457984000004,2009
1634900000024A,2008
1632200007411,2008
1632200006146,2008
0933506000005,2007
1634068003001,2006
1336782000001,2005
1257576000005,2005
1634900000022A,2003
1637496000010,2002
1393866000012,2001
1258070000008,2001
0814282001003,2001
1256110000008,1999
0916684000002,1999
0810116000004,1999
1632200004012,1999
1633202000001,1998
0553496000002,1997
0818894002018,1996
0452152000015,1996
1632200001282,1996
0534106000001,1995
1610300002020,1995
1632102000024,1994
0818894003023,1993
0534108000001,1992
1610300003027,1992
1211966000002,1992
1254632000001,1992
1257490000033,1991
1638838000006,1991
1251004000005,1990
0813400002040,1988
1631312000026,1988
1632200001263,1988
1634900000032A,1987
0776140000004,1987
1632100000031,1987
1497696000002,1987
1632102000022,1987
1556194000004,1987
1393334000002,1987
1257490000011,1986
0933506000004,1986
1617113000001,1986
1235708000001,1985
0996980000013,1985
0813124000002,1985
1258548000009,1983
0931064000007,1983
0771646000001,1981
1556194000003,1981
1451046000003,1981
1178788000001,1981
1115380000001,1981
1632200001352,1981
1255944000001,1979
1258070000016,1979
0816908000001,1978
1634900000018A,1978
1632200007330,1978
1152688000002,1976
1631312000001,1975
1255056000004,1974
0558034000009,1973
1632100000049,1973
1636942000010,1972
1252744000022,1971
0998400001034,1971
1256544002005,1971
1472976000003,1970
1590314000001,1969
1633670000001,1969
1632200003077,1969
1257004000007,1967
1257490000009,1967
1636762500007,1967
0998400004025,1967
0915550000001,1966
0170512000002,1965
1250040000001,1964
1250911000012,1963
1254982000011,1963
0810116000003,1963
1250766000004,1963
1637496000001,1962
1615066000001,1961
1632200001299,1960
0998400002018,1959
0276530000001,1957
1256544002004,1957
0818894003024,1956
1634900000031A,1956
0911650000002,1956
0993042000002,1955
0054518000001,1955
1258686000007,1955
0971606000001,1954
1255944000019,1953
1636508000008,1953
1393866000008,1953
1258070000011,1952
1154626000001,1952
0412938000001,1951
1258548000014,1951
1632102000004,1950
1636762500008,1950
1635900000002,1950
0774216000004,1949
1475208000002,1948
1634900000034B,1947
1257490000021,1947
0996742000002,1946
1632200004035,1946
0818192000002,1944
1256958000002,1944
0813400003060,1944
0176418000001,1943
0774216000026,1942
1095302000004,1942
1254040000013,1942
1632200004112,1941
1250040000002,1941
1618510000002,1940
1255944000024,1940
1255944000022,1940
0250592005005,1940
1390894000001,1939
1610300005048,1938
0690430000001,1938
1635294000001,1938
0818296001002,1937
0493122000003,1937
1258070000004,1937
0211058000001,1937
0654720000001,1935
1632100000001,1935
1254982000008,1934
0813400001004,1934
1095302000003,1934
1634900000015A,1933
1257490000026,1933
0054676000001,1932
1632200007381,1931
1636762500010,1931
0556232000002,1931
0774216000018,1931
1257004000014,1929
0372346000001,1929
1255944000005,1929
0216448000001,1926
1617756000001,1926
1396046000001,1924
1451516000001,1924
0070176000002,1923
0813400002041,1923
1633558000004,1923
0813400001022,1922
0774218000006,1922
0776296000003,1922
0492922000002,1921
1632100000025,1921
0911272000001,1920
0458318000001,1920
1256903504027,1919
0250592004006,1918
0818894001005,1917
0996980000014,1916
0051520000001,1916
1451516000002,1916
0754142003004,1914
0811366000002,1913
0255152000001,1913
0734116000001,1912
1637900000009,1910
1632102000016,1910
0771768000007,1910
1633670000004,1910
1590160000002,1908
0373484000001,1907
1632200005120,1907
1636508000012,1906
1471676000002,1906
0813400001009,1905
0735936000001,1905
0998400001041,1903
1632200001283,1903
0997282000020,1902
0370590000005,1900
1511892000001,1900
1191066000001,1900
0997646000027,1900
0250592005020,1900
0997282000009,1900
1634068003002,1900
0674992000001,1899
0293732000007,1899
0276572000001,1897
1632200004001,1897
1250911000013,1896
1610418000002,1894
0755664000002,1894
1457952000003,1893
0035620000001,1892
1255944000018,1891
1250911000001,1890
1215632003005,1890
0997282000030,1889
1632200006157,1889
1632200004116,1888
1471372000001,1888
1637900000005,1887
1231050000001,1885
1610300002016,1885
1257490000020,1884
1256110000006,1884
1150674000012,1883
0875250000002,1883
1258070000007,1882
1258070000023,1881
0813400002045,1880
1155504000006,1880
0158902000002,1879
0434330000001,1878
1475208000003,1878
0998400005038,1877
1250911000010,1877
1632200005212,1876
1632100000009,1875
1632200005132,1875
0776140000007,1875
1618914001003,1874
1635294000005,1873
0776556000002,1873
0058458000001,1873
0917914000001,1873
1250918000002,1872
1250410500008,1872
1637496000007,1872
0478630000001,1871
1610300001008,1871
0250592001022,1871
0813402000003,1870
0875336000002,1870
0292402000021,1868
1436956000002,1866
1255944000003,1866
1632200006462,1866
1556194000005,1865
1257490000018,1864
1558204000002,1864
1258686000008,1863
0815692000002,1861
1172652000002,1861
1155392000001,1861
1233070000001,1860
0593848000001,1860
1250864000003,1860
0732114000001,1860
0776140000006,1860
1032972000003,1859
0412636000004,1859
0492920000004,1858
1632200001276,1858
1632200005442,1857
1451354000001,1856
1193840000001,1856
1633554000002,1855
0813400003069,1855
1632200007345,1855
0070176000003,1855
0811366000010,1854
0997282000004,1853
1632100000012,1852
1257490000017,1851
0776826000002,1850
0378614000001,1850
0491206000012,1850
1416634000001,1849
1256903504032,1849
0210782000002,1848
0998400005011,1848
0331128000001,1847
0818894002016,1847
0936012000006,1847
0577258000001,1846
0991130000004,1846
0931064000001,1845
1635294000002,1844
1457548000001,1843
1257490000003,1843
1636506000004,1843
1393336000006,1843
1634900000024B,1842
0377094000003,1842
1255944000016,1841
0936654000003,1840
0393466000306,1839
0997282000007,1839
1634068006002,1839
1114664000001,1839
0655314000018,1838
1632100000021,1838
1153082000008,1837
1070050000001,1837
0655314000002,1836
1032582000001,1836
0753770000001,1836
1632100000016,1835
0818894001003,1835
1550312000001,1835
0818894002015,1835
0774216000013,1834
1632200002230,1833
1457052000004,1832
1393866000002,1832
0353156000001,1832
0491990000009,1831
1634900000017A,1831
0777188000001,1831
0995048000017,1830
0998400004016,1830
0376188000001,1830
1630138000003,1830
0933506000003,1830
1553744000001,1829
1633670000002,1828
1095302000001,1828
0112112000001,1828
0654602000003,1827
0818894001006,1826
1173510000002,1826
1632102000008,1826
1632200005147,1824
0530796000001,1823
0492902000007,1823
1618510000001,1822
0818894003027,1822
1256903502011,1821
0934090000002,1821
0371962000001,1819
0217098000002,1819
0997646000028,1819
1173510000001,1818
0872516000003,1815
1253564000003,1815
1632474000004,1813
0053864005012,1812
0813400002025,1812
1497696000003,1812
0818894002021,1812
1394152000002,1811
0670770000001,1810
1593696000001,1810
0992429000010,1809
0813400002031,1808
1632200007338,1808
1071716000001,1807
1257490000027,1807
0815958000001,1807
1237326000001,1807
1456834000001,1806
0150386000001,1806
0035622000001,1805
1632100000045,1805
1393866000001,1804
1257490000028,1804
1257490000007,1803
1257490000010,1803
1257490000024,1803
1634900000031B,1799
1155504000002,1799
0997282000019,1799
1257490000013,1798
1095302000002,1797
0397476000001,1796
0753640000002,1796
0996980000012,1796
0811224000006,1796
1637900000015,1795
0593846004004,1795
1450994000001,1794
1632102000006,1794
0817446000002,1794
1457984000002,1793
0998400003026,1793
0997282000031,1791
1298558000001,1791
1632200004053,1790
1632100000026,1790
0811366000004,1789
1371832000001,1789
0058488000001,1788
0092960000001,1788
0996980000010,1788
1433802000001,1787
1632200005167,1787
1251616000003,1787
0696134000003,1787
0916224000001,1785
0997282000001,1785
1634900000036B,1784
0995582000009,1784
1252738000002,1783
0552380000003,1782
1556370000001,1782
0594192000001,1782
1258070000021,1780
0813400001010,1780
1631312000010,1780
1254982000003,1780
0774216000014,1779
1632100000037,1778
0217444000001,1778
1251616000002,1777
0058488000002,1776
1256903503022,1776
1232670000001,1775
1474316000003,1774
1632200002211,1774
1233070000002,1773
1255944000009,1773
1630138000011,1773
1118402000001,1772
1256903503017,1771
1255992000007,1770
0811308000005,1770
0354762000001,1769
0611260000001,1769
1232170000001,1768
1636508000005,1768
0911272000002,1768
1256903503021,1767
0237344000001,1765
1632100000010,1765
1632200006460,1765
0458784000003,1764
0393466000304,1763
1632200003184,1763
1256903503024,1763
0550888000004,1763
0492920000002,1761
0170512000004,1761
1634900000016A,1760
1631312000005,1760
1632200004105,1759
1471554000001,1759
0452152000012,1757
0774218000004,1757
1258548000007,1756
1255398000007,1756
1633554000001,1756
0215722000001,1756
1250410500002,1755
0655314000001,1755
1632200005123,1755
0814954000001,1754
0996840000002,1754
1258070000024,1753
1256903501007,1752
1093676000001,1752
1250911000014,1752
0997646000018,1752
1257576000006,1751
1632200003195,1751
1632200003083,1751
1630138000007,1750
1635294000004,1750
1257576000001,1750
0457744000001,1749
1497698000001,1747
1255944000023,1746
0372412000017,1746
0077124000001,1746
0814282002010,1746
1258424000010,1745
1333784000001,1745
1556372000001,1745
0218512000001,1745
1594250000001,1744
0933506000002,1744
0353614000001,1744
1257490000001,1744
1634900000019A,1744
0813400003073,1743
1633818000003,1743
1172652000001,1742
1632200006483,1742
0813400002029,1742
1632100000046,1742
1477068000002,1741
0491206000005,1740
0052268000001,1740
0655314000014,1739
0997282000017,1739
0734766000001,1738
0757588000001,1737
1258070000022,1737
1632200006424,1737
1632200005430,1736
1636762500001,1736
0153712000002,1736
0276338000001,1736
0550888000003,1735
1632102000002,1735
1255982000004,1734
1457952000002,1733
0493330000002,1733
1632200002386,1733
1632200001298,1733
1632200002257,1733
0491626000002,1733
1631312000002,1733
0053864004009,1732
0933186000009,1732
0492920000003,1731
1634900000023A,1730
1632200001302,1730
1637496000005,1729
1636508000004,1729
0250592002007,1728
1632200004034,1728
0617184000001,1727
0611260000009,1727
1491786000002,1727
0751740000002,1727
1590350000001,1726
1632200001279,1726
1632200001323,1725
0158844000001,1724
0654600003023,1724
1450092000001,1723
0210752002001,1722
0997282000010,1722
0811308000003,1722
0593846003003,1722
1636942000001,1721
1255992000003,1720
1254982000010,1720
1632200002384,1720
0770992000002,1719
1397584000002,1719
1152340000001,1719
1632200002225,1718
1632200005426,1718
0297468000014,1718
1257510000004,1717
0992429000001,1717
1257490000006,1716
1155502000003S,1715
1252744000018,1713
0997282000005,1713
0094240000001,1712
0492920000001,1712
1556372000002,1712
0813456000002,1712
1256902000003,1711
0931064000002,1711
1258070000018,1710
0652412000007,1710
1632200003084,1707
1617276000001,1706
1393864002005,1706
1637900000006,1706
1636942000005,1706
1632200002204,1706
0493180000007,1706
0078768000001,1705
0997282000029,1705
1632100000038,1705
1632100000008,1705
0818894001011,1705
0813400003066,1703
0813400002046,1703
0892570000002,1701
1457054000003,1700
1256110000010,1700
0997646000019,1700
1453072000001,1700
1633628000001,1700
1578446000001,1699
0756892000002,1698
0492942000002,1698
1391530000001,1698
0295162000009,1697
0176598000002,1696
0874606000001,1696
1596300000003,1694
1632200007376,1694
0070174000006,1694
0651164000001,1691
1633554000007,1691
1256903503023,1691
1257490000014,1691
1250864000009,1691
1590314000003,1689
1632200007365,1689
1457054000002,1688
0611492000001,1687
1471752000003,1687
1231996000001,1687
0452152000004,1687
0170408000001,1686
0054676000003,1686
0811366000001,1683
1632200001379,1682
1578094000001,1682
1635294000003,1682
0990354000002,1681
1630138000014,1681
0690492000001,1681
1632200002232,1680
1610300005044,1680
1632200002295,1679
1252738000005,1679
1471372000002,1678
0251596000001,1678
0992429000009,1677
1632200006471,1677
0813456000001,1677
0992429000014,1677
0810116000002,1676
1632100000027,1674
1632200001315,1672
1632200007413,1671
1038554000001,1671
1258306000003,1669
1632200003079,1669
0811366000006,1668
0298770000015,1668
0495598000002,1666
0754142006010,1666
1631122000011,1666
1634900000022B,1665
0631378000001,1665
0492900007019,1665
0353680000001,1664
1253742000004,1664
1632200007342,1664
1632200002236,1663
0774218000002,1662
0372214000002,1661
1397584000006,1660
1632100000005,1660
0376860000001,1660
0998400004047,1659
1632200007406,1659
0495616000004,1659
0771768000004,1658
1257490000012,1657
0818894002014,1657
1632200004007,1657
1273694000001,1655
0051672000001,1654
0655314000009,1654
0771472000001,1654
1632102000017,1652
0458198000001,1652
0915054000002,1652
0231086000001,1651
1255398000004,1651
1251616000004,1651
1632100000019,1650
0913972000001,1649
1393980002001,1649
1610300002013,1648
1570162000001,1648
1632200004018,1648
1632200004032,1648
0936012000005,1647
1634068001001,1647
1632200006466,1646
0995048000024,1646
1632200002228,1644
1632200003172,1644
1175134000001,1644
0493180000001,1643
0776140000003,1642
1070830000003,1642
1351760000001,1641
1471082000001,1640
1634900000010A,1638
1250410500006,1638
0490400000004,1637
1457052000005,1637
1632200001319,1635
1258070000019,1633
1257490000036,1633
0874032000002,1632
1632200001312,1632
1396900000003,1632
1454148000001,1631
1637900000011,1631
0550888000001,1630
0676020000001,1629
1571998000001,1629
0491990000007,1628
0814282001004,1628
1590516000001,1627
1657594000001,1627
1257004000010,1626
1632200007396,1625
1632200007341,1625
0452152000011,1625
1255982000008,1624
0495596000002,1624
0493180000003,1624
1115432000001,1623
0655314000010,1623
0276572000002,1623
0570154000001,1622
1015790000001,1622
1590514000001,1621
0597198000001,1621
1632200004044,1620
0291480000004,1620
1258070000012,1620
1632200001281,1619
0737320000001,1618
1473442000001,1618
0476382003001,1618
1255944000017,1618
1634900000034C,1617
0731114000001,1617
0596752000001,1617
0774216000027,1617
1471202000002,1615
0431022000001,1615
0452152000001,1615
1398928000004,1615
1557196000001,1614
1637900000008,1614
1637900000020,1613
1258686000012,1613
1257490000016,1613
0415222000001,1612
1258070000033,1611
0211140000002,1611
1632200004055,1611
1632100000033,1611
0393466000305,1610
1273278000001,1610
0813400003052,1610
1257576000004,1609
0773126000001,1609
0510668000001,1609
1456834000002,1608
1632200007375,1608
1636918000002,1608
0390660000001,1606
1398926000004,1606
1257490000034,1606
1155504000001,1606
1273692000001,1606
0538438000001,1605
0998400004023,1605
0173626000003,1605
1634900000036A,1605
1632100000050,1604
0210740000004,1604
0997282000032,1603
0872516000002,1602
1632200005126,1601
1632200002223,1601
1633554000006,1600
0250592004009,1600
0178738000002,1597
1276356000001,1596
0754736000001,1596
0817446000003,1595
0150502000001,1595
1634900000035A,1594
1250911000004,1592
1634900000008A,1592
0774216000025,1592
1451010000001,1592
0997646000037,1591
1632200007400,1591
0815958000003,1591
0771768000005,1591
0655314000015,1590
0856488000012,1590
0173626000002,1590
1632102000018,1589
1632200004027,1589
1632200006150,1589
1632200001306,1588
0452152000002,1588
0491206000011,1588
1218680000001,1588
1450940000001,1586
0670690000002,1586
1632200005169,1585
1632200004015,1584
1477068000003,1584
1632200003081,1584
0272288000001,1582
1632200003121,1582
1252744000006,1581
0655314000007,1581
1113486000001,1581
1632200007343,1580
0998400003048,1580
0272288000002,1579
0652412000002,1578
0916936000001,1576
0654904000001,1576
1114664000002,1575
1258070000001,1575
1632200003182,1574
1253808000007,1573
0495598000007,1573
0495598000003,1572
1258070000005,1571
0217098000003,1571
1632200003185,1571
0654718000001,1571
0814954000002,1570
1252738000003,1570
0995582000004,1569
0994690000004,1568
0593846001001,1568
0652412000013,1567
0233228000001,1567
1632200005138,1566
1453022000001,1565
1630138000001,1565
0370590000001,1565
0693428000001,1565
0818894002019,1565
1256903504025,1564
1636506000002,1563
1633142000005,1563
1632200001287,1563
1633554000004,1562
0393464000001,1562
0676020000002,1561
1172718000001,1561
0153712000001,1561
0251182000001,1560
1257490000015,1559
0591278000001,1558
1252738000004,1557
1632200001285,1557
0776234000001,1555
0157042000001,1555
1632200001361,1555
1636942000003,1555
1632200004038,1554
0234326000001,1552
1257490000019,1552
1632102000014,1552
1070830000001,1550
1250410500005,1550
1632200001324,1550
1632100000041,1549
0873296000001,1549
0638796000001,1549
1634900000017B,1548
1632200007344,1547
0493180000002,1547
1636762500011,1547
1632100000011,1546
1152688000001,1546
0372640000001,1545
0811366000007,1544
1254982000005,1543
1632200002208,1542
0817556000002,1542
0676944000001,1542
0418524000001,1542
1350822000002,1541
1470118000001,1540
1632200004045,1540
0997646000033,1539
1632200002233,1539
0791700000001,1539
0790944000001,1539
1372562000001,1539
1396900000002,1539
0153712000004,1538
1632102000005,1538
1633628000006,1538
1153082000003,1537
0555248000001,1536
0292668000006,1535
1653642000001,1535
0076152000001,1534
1634900000003A,1534
0998400001031,1534
1153082000001,1534
1257490000032,1533
1256903503020,1533
1075206000001,1532
1010648000001,1531
0756644000001,1531
1596300000002,1529
0757720000006,1529
0654600002015,1528
0275712000001,1528
0590132000001,1526
0655314000006,1526
0452454000002,1525
0577730000001,1525
0495598000011,1525
0811250000004,1524
1632200007349,1524
0813400001005,1524
1632200001316,1524
1632102000007,1524
0654600001003,1523
1632200006144,1523
1632200001286,1520
0672422000002,1519
1638838000004,1519
1257490000025,1519
1632200001297,1519
1632200003095,1519
1637900000016,1515
0452454000003,1515
0257298000001,1514
1632200003173,1514
0711915000001,1514
1477068000001,1513
1632100000044,1512
1636508000002,1512
1632200002288,1512
1633818000001,1511
0897450000001,1510
0492900002007,1510
0818894002013,1509
0654600002014,1509
0995582000002,1509
1056360000002,1508
0553496000003,1508
1632200002250,1506
1651412000001,1502
0991432000001,1502
0697810000001,1501
1632100000034,1501
0811366000009,1501
0813400001002,1501
1632200001325,1501
0153712000003,1500
1611056000001,1500
0871190000001,1500
0934090000001,1498
0991130000001,1498
0498238000005,1497
0570326000001,1497
0253050000001,1496
0272288000003,1496
0995710000001,1495
0218450000001,1494
1478900000001,1494
0818894001004,1494
1632200005133,1494
0757564000001,1494
0996980000004,1492
0538278000001,1492
1632100000004,1489
0674252000001,1489
1632200005158,1489
0894232000001,1488
1632200007364,1488
1632200003065,1486
0995582000001,1486
1257786000001,1485
0491990000003,1483
1155502000003N,1482
1155390000001,1482
1251764000012,1481
0550020000002,1481
1257490000008,1481
0172642000002,1481
0090524000001,1480
1632200001305,1477
1373172001001,1476
0912282000001,1476
1632200003088,1476
0813400003067,1476
1257490000035,1476
0993042000007,1475
0370590000003,1475
0170512000001,1474
1632100000020,1473
0457002000001,1473
1632200006423,1473
0650424000002,1472
1457054000008,1471
1632200007377,1470
1612216000002,1470
0997646000025,1469
1255992000009,1469
1633818000002,1469
0070174000003,1469
1632200004041,1469
0810184000002,1468
1256903502014,1468
1632200003091,1468
0173154000001,1467
1632200003082,1467
1457952000001,1466
1256903502012,1466
1258686000003,1465
0797572000001,1464
0936654000001,1464
1255398000001,1463
1636876000002,1463
1632200005217,1462
1291574000001,1462
1636942000006,1462
1256958000001,1462
0655314000013,1461
0452454000001,1461
1176420000001,1460
1632200007356,1457
1253808000005,1456
1632200004039,1456
1632200004036,1456
1617113000003,1455
0117614000001,1454
1632200007335,1454
0075122000001,1453
1256902000004,1451
0811366000008,1451
0811250000001,1450
0492900009026,1450
1256110000011,1447
0774218000009,1447
1371484000001,1447
1630138000008,1446
1295434000001,1445
1255944000020,1445
1434984000001,1445
1492914000001,1445
0915054000003,1445
1632102000019,1445
1633552000004,1444
1632200003075,1444
0070176000001,1444
1515182000001,1443
0755918000002,1443
0216118000002,1443
1257492000003,1443
1393864004010,1443
1637900000019,1443
1632200007399,1443
0996980000017,1442
0410542000001,1441
0631714000001,1441
0776140000001,1441
0230112000001,1440
0813400003055,1440
0911272000003,1440
0172642000001,1439
1255982000003,1438
0497770000002,1437
0810116000001,1437
0495616000005,1436
1632200006475,1436
0998400001035,1435
1150674000010,1435
1632200002229,1435
1632200001308,1434
1016076000001,1434
1632200002244,1433
1257006000001,1433
1457052000002,1432
1632102000010,1432
0552802000001,1432
1335168000001,1431
0495616000007,1431
1552350000001,1431
1457984000003,1430
1632200002254,1429
1632200003177,1428
1114062000001,1427
1270730000001,1427
1457952000005,1427
1256903503018,1426
1632200004491,1426
1556196000002,1425
1632200002207,1424
0936012000003,1424
0070174000004,1423
1250911000011,1423
0611260000002,1422
1634900000008B,1422
0013482000001,1422
1258070000013,1419
1633142000004,1419
0697814000001,1419
0813400002024,1418
1632200002258,1417
0173626000005,1414
1632102000020,1414
0830152000001,1413
0994690000001,1413
0998400002043,1413
0674086000001,1412
1256903501006,1411
1173510000004,1410
0757150000001,1409
1471554000002,1409
1256903502013,1409
1115594000001,1409
0654602000004,1408
1632200004033,1407
0052274000001,1407
0336398000001,1404
1072968000001,1404
0250592003019,1404
1632200004009,1404
1632200002292,1403
0711914000001,1403
0813400001017,1402
1632200001311,1402
0996980000016,1402
0774218000005,1402
1552350000002,1401
1256903504026,1401
0996742000001,1400
0655314000016,1400
1252744000015,1399
1336844000001,1398
0995048000006,1398
0513562000001,1397
1255398000008,1396
0777188000004,1396
0774216000021,1395
1371528000001,1395
0070174000005,1395
0491626000004,1395
1630138000015,1394
0654602000006,1394
1215512000001,1393
1632200002383,1392
0993042000001,1390
0372214000004,1387
1293830000001,1387
1255944000025,1386
1632200002242,1386
1632200005139,1386
0774216000023,1385
0998400001051,1384
1633552000001,1383
1632200003198,1383
0771798000002,1383
1256110000014,1382
0658652000001,1382
0633646000001,1382
1153082000002,1382
0495530000003,1381
1515184000001,1381
0813400002026,1380
1334772000001,1380
1632200001264,1379
0453342000003,1379
0731558000002,1377
1632200006419,1377
1635900000001,1377
0753640000001,1376
1457952000007,1376
1215544000001,1375
1632200002294,1375
1072124000001,1375
1332664000001,1374
1632200004008,1374
0813400003072,1374
0257918000001,1373
1150772000003,1373
1632200007336,1372
1632200003094,1370
0652412000015,1368
1636876000001,1367
0912702000001,1366
1632100000032,1365
1634900000025A,1364
1097535000001,1364
0996840000001,1364
0493330000005,1363
0495530000004,1362
0372214000006,1362
0655314000011,1362
1632200007337,1362
0593846002002,1361
1630138000004,1361
1454190000001,1361
1457054000004,1360
0813400003074,1360
0497770000004,1359
0330607000001,1357
0655314000004,1355
1632200005441,1355
0858506000017,1353
0250592004002,1350
1632100000043,1349
1637736000001,1348
0492900002004,1348
0674086000004,1348
1632200005161,1347
1632200006418,1347
1632200001265,1347
0814282001005,1345
1113898000003,1343
0991432000002,1343
1555368000001,1342
0654602000002,1342
1614912000002,1342
0771768000006,1340
0776140000008,1340
1254000000001,1340
1632200007398,1339
0598878000001,1339
1255944000010,1338
1574214000001,1338
0636570000001,1337
1632200005428,1337
1113916000001,1335
1492754000001,1335
0630842000001,1333
1150674000009,1332
1597498002001,1332
1253564000001,1332
0650080000002,1332
1632200004101,1331
1635900000010,1330
1632100000040,1330
0818894002017,1329
0213132000001,1327
0495528000001,1327
1610300005049,1326
0393048000001,1326
1578528000001,1326
1632200005134,1324
0714098000001,1324
0956350000001,1324
1070438000001,1323
0936654000004,1322
1458932000001,1321
0295288000010,1320
1053622000001,1320
1457952000006,1319
0892600000001,1319
1632102000003,1317
0210740000003,1316
1632100000042,1314
0913974000001,1314
1250040000003,1313
1632200004022,1310
1630138000013,1309
0452152000014,1308
1632200003071,1308
1450856000002,1308
1633818000004,1308
1597498003001,1307
0933506000007,1304
0250098000001,1304
0872516000001,1303
0674086000003,1302
0997282000003,1301
0098010000001,1300
1218698000001,1300
1256903504030,1300
0431022000002,1299
1632200007370,1298
1634900000023B,1298
0513730000001,1297
0493180000005,1295
1632200003098,1295
1632200002403,1293
1632102000015,1293
0912120000001,1292
1632200005156,1292
0451526000001,1290
1632200002249,1289
1051002000001,1289
0211732000001,1289
0876816000001,1287
0495598000005,1287
0613630000002,1287
0451092000001,1286
1632200003086,1285
0813402000002,1285
1632200006485,1284
1257490000005,1282
1495578000001,1281
0251788000001,1279
0933506000010,1279
0435924000001,1279
0130534000001,1278
1258070000034,1278
0916854000001,1273
1613052000001,1272
1632200005432,1272
1632200002291,1271
1638838000005,1271
0933186000007,1271
1451156000001,1270
1632200007380,1269
1633818000006,1269
1634900000016B,1268
1574388000001,1267
0596462000001,1267
0491626000003,1265
1154970000001,1265
0998400002033,1265
0813400001007,1265
1632200005447,1265
1630138000016,1264
0492942000003,1264
0997282000008,1262
0796718000001,1262
1636876000004,1261
1473522000001,1261
0652412000006,1259
1258070000035,1258
0933506000008,1258
0452152000003,1258
0511144000001,1257
0674086000002,1257
0774216000024,1257
0696464000001,1255
1336976000001,1252
1632200003191,1252
0493122000002,1252
1015100000001,1252
0717608000001,1251
0714098000002,1250
1512528000001,1249
1632200007415,1249
1632100000047,1249
0998400004024,1248
0891434000001,1248
0810024000001,1248
0997282000012,1248
1632200002231,1247
1353520000001,1246
1058236000001,1246
0811366000003,1245
1634900000001B,1244
1251004000006,1243
1292502000001,1243
1632200006484,1242
1632200003072,1242
0995048000012,1242
1632200006482,1242
0770084000001,1241
1391880000002,1240
1612218000003,1239
0290986000002,1239
1572710000001,1238
0796094000001,1238
1252738000001,1237
1632200006464,1237
1632100000048,1236
1634900000035B,1235
0776296000002,1235
1396246000002,1235
1570322000001,1234
0777188000002,1234
1332666000001,1234
0473656000001,1233
1593618000001,1232
1150674000001,1232
0871184000001,1232
1632200007392,1232
1597500000002,1231
0995710000002,1229
0176598000001,1227
1434440000001,1225
0013688000001,1222
0737320000002,1221
1518414000001,1221
1632200007371,1221
0931062000001,1220
0091940000001,1220
1636876000003,1220
1136828000001,1219
0476382004001,1218
1632200005128,1218
1632200003074,1218
1234770000001,1217
1632200004002,1217
1171212000001,1217
0595564000001,1216
1632102000009,1216
1632200007394,1216
0672422000001,1214
1632200007374,1214
1632200005140,1213
0453342000004,1213
1632200007339,1213
1533794000001,1213
1155504000003,1211
0818894001007,1211
1632200003073,1210
1256902000006,1209
0998400005017,1208
0495530000001,1208
1515172000001,1207
1131244000001,1207
0650080000001,1206
0490400000002,1206
1257492000004,1205
1632200002390,1205
0353056000001,1205
0175592000001,1204
0517224000001,1202
1258548000003,1201
0495616000006,1198
0733220000001,1198
0011932000001,1197
1632200002389,1197
1632200001300,1196
0617620000001,1196
0652412000010,1195
1618914002004,1195
1570322000002,1192
0491990000008,1192
1630138000010,1190
1632200004052,1190
0155096000001,1189
0613630000003,1189
1632200007405,1189
1373172002001,1188
1630138000012,1188
0916858000001,1187
1054964003001,1184
0530798000001,1184
1632200002260,1183
0130534000002,1182
0813400003071,1179
0315610000001,1179
1077308000001,1179
1632100000023,1178
0117612000001,1177
1632200004025,1171
1054964002001,1170
1632200004103,1170
1632200003192,1170
1632200002203,1169
0733068000001,1167
1632200006145,1167
1350822000001,1167
1632200004006,1167
1255398000005,1166
0771798000001,1164
1457952000004,1164
0492902000004,1163
0337754000001,1162
1632200005220,1161
1258686000004,1161
1632200007363,1160
0654602000001,1158
1394152000003,1157
1632200007410,1157
1632200007368,1156
0230580000001,1155
0036916000001,1153
1078656000001,1153
1632200004016,1152
0193026000001,1152
0250098000003,1151
1632200005215,1151
0995048000023,1151
1296960000001,1148
0738200000001,1148
1632200002241,1147
0492902000006,1146
0314382000001,1146
0755918000001,1145
0337022000001,1145
1632200002259,1145
1574340000001,1145
1570072000001,1145
1610300001004,1144
0476382002001,1144
1254040000012,1144
1632200005449,1143
0052774000001,1142
0495598000001,1139
0915052000001,1135
0670968000002,1135
0175322000001,1134
1398926000003,1133
0732114000002,1132
1632200001269,1132
0332308000001,1131
0231088000001,1131
1272794000001,1130
0911650000001,1130
1632100000022,1130
1331168000001,1129
0810184000001,1129
1355312000001,1128
0412638000002,1127
0652412000016,1127
1632200003178,1127
0030446000001,1126
0874032000001,1125
1575942000001,1125
0476382001001,1125
1054964001001,1123
0553424000001,1123
0636052000001,1122
1632100000024,1121
1258548000026,1121
1632200007346,1121
1557026000001,1117
0754736000002,1117
0495530000002,1116
0714100000001,1116
0652412000012,1116
1632200006422,1115
1517550000001,1113
0115480000001,1113
0810024000004,1110
0497770000003,1109
0652412000008,1108
1632100000036,1107
1632200007333,1107
1632200002234,1106
0813400002037,1105
0594798000001,1105
0331954000001,1104
1636918000001,1103
0497770000001,1101
0376186000001,1100
1258070000032,1100
0891640000001,1099
0013722000001,1098
1113898000001,1097
0933506000009,1096
1051944000001,1096
0315950000001,1095
0475128000001,1093
1572538000001,1092
0818894002012,1091
1256903504028,1090
1632200007373,1090
0290600000001,1088
1172790000001,1088
1632200007409,1087
1132944000001,1087
0073474000001,1087
1597498001001,1086
0570802000001,1086
1554420000001,1084
1113898000002,1084
1632200002296,1083
1632100000035,1083
1254000000002,1080
1632200007408,1079
0933186000005,1079
0230806000001,1078
1632200004040,1077
1071560000001,1077
1632200002387,1075
0011246000001,1075
0475034000001,1075
1518444000001,1075
0010104000001,1073
1634900000035C,1072
1278504000001,1071
0997282000013,1070
0674992000002,1068
0590202000001,1068
0353512000001,1064
1632200003180,1064
1054964006001,1064
1632200002227,1064
0598654000001,1064
1257006000002,1063
1057208000001,1063
1254000000004,1063
0813400001021,1062
1632200004019,1062
0810184000005,1061
1555740000001,1061
0778284000001,1061
0097626000001,1060
1511118000001,1060
1095644000001,1057
1334712000001,1056
0353090000001,1056
1634068001002,1053
1636876000005,1050
0638214000001,1049
0252470000001,1048
1632200004051,1048
0437060000001,1046
1658650000001,1045
1632100000028,1044
1296030000001,1041
1632200006143,1041
1655088000001,1040
1632200002247,1040
0738804000001,1040
1632200001275,1039
1632200001304,1038
1632200002222,1038
0191918000001,1037
0250098000005,1037
1116574000001,1035
1632100000029,1035
1632200001328,1032
0658690000001,1030
1238720000001,1027
1257576000007,1027
0491206000009,1026
1632200006420,1025
0613630000001,1025
0310650000001,1023
0736930000001,1022
1632200001351,1022
1632200003189,1021
1258686000013,1019
0852526000005,1018
1632200004046,1018
0235240000001,1017
0592758000001,1017
1054964005001,1016
1170904000001,1015
1111710000001,1012
1632200002209,1012
0732168000001,1009
0117402000001,1009
0410998000001,1009
1054964004001,1008
1471618000004,1008
0495596000001,1006
0637126000001,1006
1632200004111,1006
0618012000001,1005
1632200001378,1005
0975548000001,1005
0954454000001,1004
1056886000001,1004
0492942000001,1003
1632200007348,1002
0510666000001,1002
1474980000001,1001
1036800000001,1000
0054518000003,1000
1011638000001,999
1511154000001,999
1136784000001,998
1095286000001,998
1238668000001,997
1632200001280,997
1632200005439,996
0813400002032,996
0251602000001,996
1632200005496,995
1632200002226,994
1632200003066,994
0176416000001,992
1632200007393,992
1258424000001,991
1632200002238,990
0572512000001,990
1638838000003,989
1632200003061,988
1053432000001,988
1632200001278,986
1632200003176,985
1632200005497,985
1632200002246,984
0452152000013,983
0757150000002,982
0675872000001,982
1373172003001,981
1156380000001,980
0813400003050,980
0173626000001,978
1632100000030,976
0991432000004,976
0754142002002,976
1257492000006,976
0250098000002,975
1535078000001,975
1571742000001,974
1632200003188,974
0093750000001,974
0776140000010,974
0710586000001,973
0278258000001,971
0677212000001,971
1632200002240,971
0998400003022,969
1632200005434,969
1177622000001,968
1632200005429,967
0858904000019,965
1632200004056,965
1057324000001,964
1632200004010,961
1032972000002,960
0632712000001,960
0915282000001,958
1632200002290,956
1632200003064,955
1113182000001,953
0753450000003,952
0893238000001,950
0250100000001,949
0851488000001,948
0813400003059,948
0517314000001,948
1057306000001,946
0511636000001,946
1632200002252,945
1632200002385,944
1632200004502,938
1633818000005,938
1057722000001,938
1258070000031,936
0757150000003,935
1632200002239,935
1492906000001,934
0793160000001,934
1094060000001,934
1632200002402,933
1171992000001,932
1416924000001,932
0173204000001,930
1632200004004,930
0310172000001,929
0231214000001,929
1572572000001,929
0917244000001,924
1632200003174,923
1632200003090,923
1632200002253,920
1632200005159,920
1632200003194,919
0792686000001,919
0652412000001,918
1632200001307,917
1333810000001,911
1632200002318,911
1632474000003,911
1254982000001,909
1632200002251,907
1632200003193,907
1398926000002,907
1632200002313,906
1114062000002,905
1114156000001,905
0996980000018,901
1632200002293,901
1171360000001,901
1273516000001,900
1336128000001,900
1632200001317,898
1632200001329,897
0976560000001,896
1494702000001,896
1037978000001,894
0992429000013,894
0854432000007,892
0476496000001,891
1410148000001,891
0118708000001,891
0254662000001,889
0110414000001,889
1398926000001,886
0655314000012,885
0250098000004,881
1632200005446,881
0312940000001,881
1012232000001,880
1075402000001,879
0596750000001,877
1632200005137,877
1632200003190,875
1632200004135,872
0074936000001,869
0092464000001,868
0111624000001,868
0977086000001,868
0370724000001,867
0473086000001,867
0613030000001,865
1632200005436,863
0094196000001,861
0194424000001,860
1632200003089,860
0057170000001,859
0015388000001,858
1632200003097,854
1337776000001,853
1632200006500,850
1073854000001,850
1257510000005,850
0357300000001,848
1632200002256,847
1095346000001,847
1632200003080,845
0313420000001,845
1632200005129,844
1632200003085,842
1293932000001,841
0594800000001,841
1632200001273,841
1017568000001,840
1632200001501,840
0456058000001,839
0993042000005,837
1337328000001,836
1650306000001,835
1632200003078,834
0916026000001,833
1632200007395,832
1632200005433,831
1512950000001,831
1017684000001,830
1632200004005,829
1235316000001,829
0598830000001,826
0637316000001,826
1632200003070,824
1136882000001,823
1036612000001,822
0676092000001,822
0975028000001,821
0438470000001,818
1234744000001,818
1016486000001,817
1632200005437,816
0315310000001,809
1515532000001,806
1411374000001,806
1632200006474,805
1515138000001,803
1271620000001,803
1258245000001,803
0110336000001,799
1651720000001,799
0790644000001,798
1292986000001,797
1632200005219,794
0933186000008,794
0353716000001,794
1632200004029,793
1537958000001,793
1632200005218,792
1053062000001,789
1416068000001,787
0696134000002,786
0616126000002,784
1272520000001,783
1632200002210,780
0454222000002,779
1632200005165,779
1255944000014,779
0572588000001,777
1632200005122,776
1454456000001,776
1037411000001,776
1451466000001,776
1335366000001,776
0291478002019,775
1632200005452,774
1632200007334,772
0114758000001,771
1632200005216,771
0291478001018,770
1513074000001,768
1632200001268,768
1654738000001,767
1393188000017,765
1632200005130,763
0711386000001,761
1632200005438,761
1632200006457,759
0353028000001,759
1632200006148,758
0652412000014,758
0318764000001,755
0291478003020,755
0852544000006,755
0413140000001,754
0731706000001,753
1511946000001,753
1632200002243,753
0194200000001,752
0412614000001,750
0013574000001,748
0490342000003,746
1134448000001,745
1632200003183,745
0311198000001,745
1632200001310,745
0575736000001,743
1632200001267,743
0510736000001,743
1352550000001,743
1632200002200,742
0110412000001,742
0250098000006,739
1276178000001,737
0513234000001,737
1296832000001,734
1632200006479,734
0332177000001,734
1258070000036,732
0774218000001,732
0471350000001,731
0618012000002,730
0575704000001,728
0013738000001,727
1632200007404,726
1632200001495,725
1274656000001,724
1632200001301,724
0295934000011,722
1097638000001,722
1632200001309,720
0698718000001,719
0634430000001,718
0337702000001,712
0998400005012,711
1036842000001,708
0395094000501,705
0193218000001,702
0633996000001,699
1632200001362,698
0095064000002,698
1632200002248,698
1512138000001,696
0292658000005,696
0415126000001,696
0575888000001,692
1011116000001,691
1632200003102,690
1233436000001,690
0596712000001,689
1632200006417,687
1414390000001,687
0191712000001,687
0616554000004,681
1632200002289,680
1131590000001,677
0454222000001,676
0856444000011,675
1056360000001,675
0578408000001,674
1416602000001,674
1632200003197,672
1632200003199,671
0432766000001,670
1455170000001,669
1593264000001,667
1254982000007,666
1632200007414,665
0410490000001,665
0293970000008,663
1010332000001,660
1291926000001,654
0492922000005,654
1632200006416,650
1317618000001,650
1512924000001,650
1073434000001,648
0995296000001,643
0637014000001,641
1230562000001,639
1632200001350,638
0394952000001,638
1190458000001,637
1632200007340,636
1632200005448,635
1632200005493,635
1410692000001,633
1632200003093,632
1632200004049,631
0691174000001,631
1534084000001,628
0634764000001,624
0631376000001,623
0855748000008,622
0115212000001,621
1336108000001,619
1313500000001,616
0478484000001,615
1258070000030,614
1632200005440,614
0613936000001,614
0633426000001,612
0715230000001,611
0198516000001,610
1514546000001,610
1135928000001,609
1573216000001,609
1511042000001,608
0632354000001,606
0336676000001,603
1416016000001,603
1091958000001,599
1632200003175,595
1195524000001,595
0338670000001,595
0975188000001,594
1532296000001,593
1632200006453,593
1512554000001,588
0635260000001,587
0315628000001,586
0476754000001,582
1271910000001,581
1650958000001,577
1254982000002,573
1311352000001,572
0233212000001,570
1632100000013,569
0312540000001,569
1372284000001,563
0933506000011,561
0631094000001,560
1198242000001,559
1632200006458,559
1258070000006,558
1097640000001,557
0611260000005,554
0535156000001,553
1636762500002,548
0898034000004,547
0053746000002,545
1294364000001,544
1653524000001,543
1552704000001,542
0470898000001,541
0910902000001,540
1512674000001,538
0852480000004,533
1294916000001,531
1578808000001,531
1657422000001,529
0350362000001,522
1130908000001,522
0091538000001,520
0356760000001,519
0411828000001,516
1513502000001,516
1510346000001,516
1632200004026,515
0973162000001,515
0231256000001,515
0415650000001,512
1094436000001,511
0130366000001,505
0190884000001,504
1052482000001,503
1333706000001,499
1632200003100,497
0696796000001,497
0035236000001,496
0471430000001,494
0971036000001,494
1233300000001,493
0637304000001,492
1331404000001,482
1195524000002,481
0315030000001,480
0851510000002,479
1510440000001,477
0790932000001,475
0118084000001,475
1197038000001,469
0110028000001,465
1632200005435,464
1415794000001,464
1235930000001,463
0357712000001,461
0558132000001,460
1134998000001,456
1351654000001,455
0856312000010,454
0574408000001,452
0973162000002,448
0374658000001,448
0358798000001,447
0510972000001,444
0613632000001,441
0690076000001,441
0031196000001,439
1310764000001,439
0015474000001,438
1136446000001,438
0614422000001,435
1131220000001,434
0655314000022,433
0616126000001,430
1138556000001,429
1315046000001,429
0975764000001,427
1230658000001,426
0036082000001,423
0311500000003,423
1515454000001,420
1410640000001,420
1296968000001,420
0431020000001,417
0235786000001,416
1533194000001,416
1033994000001,411
1271718000001,411
0015406000001,408
0013686000001,407
0575880000001,405
0034754000001,404
1093316000001,403
1632200003107,395
0131860000001,392
1632200001272,388
0616126000004,385
1410870000001,384
1632200007166,382
1293286000001,382
0636236000001,380
0311500000001,375
0857168000015,374
0613030000002,374
1130052000001,374
0697318000001,374
0573616000001,365
0635036000001,359
0296314000012,359
0492900006018,357
0196476000001,356
1015158000001,355
0698714000001,355
1632200007407,354
0637388000001,354
0852280000003,354
1518658000001,351
0338060000001,351
1657482000001,350
0631460000001,346
0297092000013,342
0410604000001,341
0318476000001,336
1093876000001,333
1054914000001,332
0098330000001,330
1235506000001,330
1632200001266,325
0412696000001,324
0630906000001,322
0532634000001,320
1035354000001,319
1254444000001,319
0796054000001,314
1430472000001,309
0634002000001,300
0137600000001,295
0655314000020,293
0538280000001,293
1194948000001,289
1314076000001,287
0713116000001,279
0715086000001,279
0116066001001,277
1632200004014,276
0713758000001,274
0832362000001,274
0492900008022,274
1435698000001,273
0471890000001,268
1091424000001,267
0313748000001,267
1475296000002,266
0492900009025,263
1416646000001,262
0616668000001,262
0833430000001,261
1535606000001,261
1632200006421,261
1632200007353,261
1430432000001,257
0291456000003,256
1233886000001,255
1415486000001,252
1415344000001,252
0318294000001,250
0655314000021,250
1031454000001,240
0857774000016,237
1092730000001,232
1238068000001,226
1038526000001,220
1316914000001,219
0078518000001,218
0612566000001,204
1313596000001,203
0973976000001,199
0331556000001,186
1653764000001,185
1632200007060,184
1133862000001,181
0951748000001,180
1055264000001,171
0492900005013,169
0633308000001,155
1132620000001,148
0333986000001,146
0175378001002,142
1255946000001,132
1032684000001,132
0973766000001,131
0617620000002,125
0970950000001,122
1038078000001,120
1632200002490,120
0513534000001,118
0612334000001,107
0837322000001,107
1632200005443,105
1537250000001,101
0612334000002,98
1315232000001,90
0492900009027,84
0833938000001,81
0492900001003,79
0998245300002,74
1310946000001,60
1458934000001,59
0438552000001,51
0731592000001,49
1632200006069,41
0998400003010,40
1632200005450,33
0033338000001,29
0636518000001,24
1632200006360,23
1252776000002,17
0057498003002,11
1632200006444,4
1476838000001,3
0871118000001,3
1632200003059,1
